{
  "partialUpdate" : {
    "transaction" : "partialUpdate",
    "sampleCount" : 900,
    "errorCount" : 0,
    "errorPct" : 0.0,
    "meanResTime" : 280.85999999999956,
    "medianResTime" : 281.0,
    "minResTime" : 266.0,
    "maxResTime" : 314.0,
    "pct1ResTime" : 289.0,
    "pct2ResTime" : 292.0,
    "pct3ResTime" : 305.99,
    "throughput" : 31.760595687616895,
    "receivedKBytesPerSec" : 12.99579061827293,
    "sentKBytesPerSec" : 10.29738063309454
  },
  "updateBooking " : {
    "transaction" : "updateBooking ",
    "sampleCount" : 900,
    "errorCount" : 0,
    "errorPct" : 0.0,
    "meanResTime" : 281.92888888888865,
    "medianResTime" : 281.0,
    "minResTime" : 266.0,
    "maxResTime" : 773.0,
    "pct1ResTime" : 290.0,
    "pct2ResTime" : 294.0,
    "pct3ResTime" : 308.0,
    "throughput" : 31.76620076238882,
    "receivedKBytesPerSec" : 12.967062420584497,
    "sentKBytesPerSec" : 15.479818535578145
  },
  "ping" : {
    "transaction" : "ping",
    "sampleCount" : 900,
    "errorCount" : 0,
    "errorPct" : 0.0,
    "meanResTime" : 277.2200000000001,
    "medianResTime" : 277.0,
    "minResTime" : 263.0,
    "maxResTime" : 753.0,
    "pct1ResTime" : 283.0,
    "pct2ResTime" : 285.0,
    "pct3ResTime" : 292.98,
    "throughput" : 31.75835421151064,
    "receivedKBytesPerSec" : 7.691476410600234,
    "sentKBytesPerSec" : 4.248920436500935
  },
  "Total" : {
    "transaction" : "Total",
    "sampleCount" : 6300,
    "errorCount" : 0,
    "errorPct" : 0.0,
    "meanResTime" : 2301.935873015872,
    "medianResTime" : 280.0,
    "minResTime" : 263.0,
    "maxResTime" : 29997.0,
    "pct1ResTime" : 6619.900000000001,
    "pct2ResTime" : 20199.95,
    "pct3ResTime" : 26377.989999999998,
    "throughput" : 194.70284637018264,
    "receivedKBytesPerSec" : 66.79328951231572,
    "sentKBytesPerSec" : 60.111244282535466
  },
  "deleteBooking" : {
    "transaction" : "deleteBooking",
    "sampleCount" : 900,
    "errorCount" : 0,
    "errorPct" : 0.0,
    "meanResTime" : 280.7211111111112,
    "medianResTime" : 280.0,
    "minResTime" : 264.0,
    "maxResTime" : 779.0,
    "pct1ResTime" : 288.0,
    "pct2ResTime" : 291.0,
    "pct3ResTime" : 309.98,
    "throughput" : 31.75723359209598,
    "receivedKBytesPerSec" : 7.691205010585745,
    "sentKBytesPerSec" : 9.61400626323218
  },
  "getBooking" : {
    "transaction" : "getBooking",
    "sampleCount" : 900,
    "errorCount" : 0,
    "errorPct" : 0.0,
    "meanResTime" : 278.4966666666665,
    "medianResTime" : 278.0,
    "minResTime" : 265.0,
    "maxResTime" : 339.0,
    "pct1ResTime" : 286.0,
    "pct2ResTime" : 289.0,
    "pct3ResTime" : 297.99,
    "throughput" : 31.772929464096592,
    "receivedKBytesPerSec" : 12.814667840499894,
    "sentKBytesPerSec" : 5.926396023088329
  },
  "login" : {
    "transaction" : "login",
    "sampleCount" : 900,
    "errorCount" : 0,
    "errorPct" : 0.0,
    "meanResTime" : 14436.421111111109,
    "medianResTime" : 11732.5,
    "minResTime" : 2347.0,
    "maxResTime" : 29997.0,
    "pct1ResTime" : 25625.1,
    "pct2ResTime" : 27434.499999999978,
    "pct3ResTime" : 29507.95,
    "throughput" : 29.32838009580604,
    "receivedKBytesPerSec" : 7.761709966761169,
    "sentKBytesPerSec" : 8.219965905758139
  },
  "creatBooking" : {
    "transaction" : "creatBooking",
    "sampleCount" : 900,
    "errorCount" : 0,
    "errorPct" : 0.0,
    "meanResTime" : 277.90333333333336,
    "medianResTime" : 278.0,
    "minResTime" : 265.0,
    "maxResTime" : 307.0,
    "pct1ResTime" : 286.0,
    "pct2ResTime" : 287.0,
    "pct3ResTime" : 294.99,
    "throughput" : 31.778538893400654,
    "receivedKBytesPerSec" : 13.716908389534266,
    "sentKBytesPerSec" : 14.182414330355567
  }
}