{
  "partialUpdate" : {
    "transaction" : "partialUpdate",
    "sampleCount" : 8000,
    "errorCount" : 0,
    "errorPct" : 0.0,
    "meanResTime" : 586.1001250000002,
    "medianResTime" : 545.0,
    "minResTime" : 266.0,
    "maxResTime" : 1536.0,
    "pct1ResTime" : 975.0,
    "pct2ResTime" : 1010.0,
    "pct3ResTime" : 1054.0,
    "throughput" : 132.56006628003314,
    "receivedKBytesPerSec" : 54.24088649544325,
    "sentKBytesPerSec" : 43.08833238400994
  },
  "updateBooking " : {
    "transaction" : "updateBooking ",
    "sampleCount" : 8000,
    "errorCount" : 0,
    "errorPct" : 0.0,
    "meanResTime" : 586.9161249999987,
    "medianResTime" : 557.0,
    "minResTime" : 265.0,
    "maxResTime" : 1327.0,
    "pct1ResTime" : 978.0,
    "pct2ResTime" : 1007.0,
    "pct3ResTime" : 1047.0,
    "throughput" : 132.56226283782667,
    "receivedKBytesPerSec" : 54.112329947472205,
    "sentKBytesPerSec" : 64.70808728189365
  },
  "ping" : {
    "transaction" : "ping",
    "sampleCount" : 8000,
    "errorCount" : 0,
    "errorPct" : 0.0,
    "meanResTime" : 275.62650000000053,
    "medianResTime" : 275.0,
    "minResTime" : 262.0,
    "maxResTime" : 1233.0,
    "pct1ResTime" : 284.0,
    "pct2ResTime" : 285.0,
    "pct3ResTime" : 289.0,
    "throughput" : 132.5534770433947,
    "receivedKBytesPerSec" : 32.10279522144715,
    "sentKBytesPerSec" : 17.734205424751046
  },
  "Total" : {
    "transaction" : "Total",
    "sampleCount" : 56000,
    "errorCount" : 0,
    "errorPct" : 0.0,
    "meanResTime" : 665.1134285714251,
    "medianResTime" : 323.0,
    "minResTime" : 262.0,
    "maxResTime" : 38371.0,
    "pct1ResTime" : 603.0,
    "pct2ResTime" : 705.0,
    "pct3ResTime" : 811.0,
    "throughput" : 870.1867793765733,
    "receivedKBytesPerSec" : 298.62274853738694,
    "sentKBytesPerSec" : 269.0677492852037
  },
  "deleteBooking" : {
    "transaction" : "deleteBooking",
    "sampleCount" : 8000,
    "errorCount" : 0,
    "errorPct" : 0.0,
    "meanResTime" : 582.3717499999997,
    "medianResTime" : 541.0,
    "minResTime" : 264.0,
    "maxResTime" : 1223.0,
    "pct1ResTime" : 973.0,
    "pct2ResTime" : 999.9499999999998,
    "pct3ResTime" : 1048.0,
    "throughput" : 132.5490845828846,
    "receivedKBytesPerSec" : 32.101731422417366,
    "sentKBytesPerSec" : 40.23702857054097
  },
  "getBooking" : {
    "transaction" : "getBooking",
    "sampleCount" : 8000,
    "errorCount" : 0,
    "errorPct" : 0.0,
    "meanResTime" : 429.24937499999993,
    "medianResTime" : 404.5,
    "minResTime" : 263.0,
    "maxResTime" : 1237.0,
    "pct1ResTime" : 621.0,
    "pct2ResTime" : 646.0,
    "pct3ResTime" : 676.0,
    "throughput" : 132.5776407808823,
    "receivedKBytesPerSec" : 53.471255510258196,
    "sentKBytesPerSec" : 24.838725255626265
  },
  "login" : {
    "transaction" : "login",
    "sampleCount" : 8000,
    "errorCount" : 0,
    "errorPct" : 0.0,
    "meanResTime" : 1769.0583749999962,
    "medianResTime" : 276.0,
    "minResTime" : 263.0,
    "maxResTime" : 38371.0,
    "pct1ResTime" : 2296.000000000644,
    "pct2ResTime" : 9818.499999999995,
    "pct3ResTime" : 29556.949999999997,
    "throughput" : 128.38206502551594,
    "receivedKBytesPerSec" : 33.97611291202619,
    "sentKBytesPerSec" : 35.98208267804988
  },
  "creatBooking" : {
    "transaction" : "creatBooking",
    "sampleCount" : 8000,
    "errorCount" : 0,
    "errorPct" : 0.0,
    "meanResTime" : 426.4717499999997,
    "medianResTime" : 397.0,
    "minResTime" : 263.0,
    "maxResTime" : 2128.0,
    "pct1ResTime" : 620.9000000000005,
    "pct2ResTime" : 641.0,
    "pct3ResTime" : 673.0,
    "throughput" : 132.59302229220188,
    "receivedKBytesPerSec" : 57.342435723460675,
    "sentKBytesPerSec" : 59.174815612828375
  }
}