{
  "partialUpdate" : {
    "transaction" : "partialUpdate",
    "sampleCount" : 400,
    "errorCount" : 0,
    "errorPct" : 0.0,
    "meanResTime" : 288.15249999999963,
    "medianResTime" : 285.0,
    "minResTime" : 276.0,
    "maxResTime" : 318.0,
    "pct1ResTime" : 302.90000000000003,
    "pct2ResTime" : 310.0,
    "pct3ResTime" : 315.0,
    "throughput" : 43.122035360069,
    "receivedKBytesPerSec" : 17.644660952996983,
    "sentKBytesPerSec" : 13.978866833764554
  },
  "updateBooking " : {
    "transaction" : "updateBooking ",
    "sampleCount" : 400,
    "errorCount" : 0,
    "errorPct" : 0.0,
    "meanResTime" : 289.81500000000005,
    "medianResTime" : 287.0,
    "minResTime" : 276.0,
    "maxResTime" : 319.0,
    "pct1ResTime" : 306.0,
    "pct2ResTime" : 310.0,
    "pct3ResTime" : 316.0,
    "throughput" : 43.126684636118604,
    "receivedKBytesPerSec" : 17.6044474393531,
    "sentKBytesPerSec" : 21.013729784366575
  },
  "ping" : {
    "transaction" : "ping",
    "sampleCount" : 400,
    "errorCount" : 0,
    "errorPct" : 0.0,
    "meanResTime" : 280.34750000000014,
    "medianResTime" : 280.0,
    "minResTime" : 274.0,
    "maxResTime" : 293.0,
    "pct1ResTime" : 285.0,
    "pct2ResTime" : 287.0,
    "pct3ResTime" : 290.0,
    "throughput" : 43.08951847463104,
    "receivedKBytesPerSec" : 10.435742755574706,
    "sentKBytesPerSec" : 5.764906280297318
  },
  "Total" : {
    "transaction" : "Total",
    "sampleCount" : 2800,
    "errorCount" : 0,
    "errorPct" : 0.0,
    "meanResTime" : 886.7321428571404,
    "medianResTime" : 284.0,
    "minResTime" : 274.0,
    "maxResTime" : 10659.0,
    "pct1ResTime" : 3540.7000000000003,
    "pct2ResTime" : 4841.549999999998,
    "pct3ResTime" : 7463.269999999984,
    "throughput" : 223.10756972111554,
    "receivedKBytesPerSec" : 76.53604332669322,
    "sentKBytesPerSec" : 68.87450199203187
  },
  "deleteBooking" : {
    "transaction" : "deleteBooking",
    "sampleCount" : 400,
    "errorCount" : 0,
    "errorPct" : 0.0,
    "meanResTime" : 288.3924999999999,
    "medianResTime" : 284.5,
    "minResTime" : 275.0,
    "maxResTime" : 370.0,
    "pct1ResTime" : 306.0,
    "pct2ResTime" : 312.0,
    "pct3ResTime" : 320.97,
    "throughput" : 43.09880400818877,
    "receivedKBytesPerSec" : 10.437991595733218,
    "sentKBytesPerSec" : 13.04538506087706
  },
  "getBooking" : {
    "transaction" : "getBooking",
    "sampleCount" : 400,
    "errorCount" : 0,
    "errorPct" : 0.0,
    "meanResTime" : 283.6499999999999,
    "medianResTime" : 282.0,
    "minResTime" : 275.0,
    "maxResTime" : 311.0,
    "pct1ResTime" : 291.0,
    "pct2ResTime" : 295.0,
    "pct3ResTime" : 303.97,
    "throughput" : 43.13133491481561,
    "receivedKBytesPerSec" : 17.395743476385597,
    "sentKBytesPerSec" : 8.04289883006254
  },
  "login" : {
    "transaction" : "login",
    "sampleCount" : 400,
    "errorCount" : 0,
    "errorPct" : 0.0,
    "meanResTime" : 4493.515000000001,
    "medianResTime" : 4242.5,
    "minResTime" : 1447.0,
    "maxResTime" : 10659.0,
    "pct1ResTime" : 6854.500000000001,
    "pct2ResTime" : 8220.05,
    "pct3ResTime" : 8654.76,
    "throughput" : 36.84598378776713,
    "receivedKBytesPerSec" : 9.751232037582904,
    "sentKBytesPerSec" : 10.326950534266764
  },
  "creatBooking" : {
    "transaction" : "creatBooking",
    "sampleCount" : 400,
    "errorCount" : 0,
    "errorPct" : 0.0,
    "meanResTime" : 283.2524999999996,
    "medianResTime" : 282.0,
    "minResTime" : 276.0,
    "maxResTime" : 306.0,
    "pct1ResTime" : 290.0,
    "pct2ResTime" : 294.0,
    "pct3ResTime" : 298.99,
    "throughput" : 43.13133491481561,
    "receivedKBytesPerSec" : 18.6151303375027,
    "sentKBytesPerSec" : 19.24904302350658
  }
}