{
  "partialUpdate" : {
    "transaction" : "partialUpdate",
    "sampleCount" : 950,
    "errorCount" : 0,
    "errorPct" : 0.0,
    "meanResTime" : 286.6905263157895,
    "medianResTime" : 282.0,
    "minResTime" : 266.0,
    "maxResTime" : 651.0,
    "pct1ResTime" : 308.0,
    "pct2ResTime" : 323.0,
    "pct3ResTime" : 339.0,
    "throughput" : 24.56684768554435,
    "receivedKBytesPerSec" : 10.052255058831134,
    "sentKBytesPerSec" : 7.965032648047582
  },
  "updateBooking " : {
    "transaction" : "updateBooking ",
    "sampleCount" : 950,
    "errorCount" : 0,
    "errorPct" : 0.0,
    "meanResTime" : 286.3336842105266,
    "medianResTime" : 283.0,
    "minResTime" : 266.0,
    "maxResTime" : 726.0,
    "pct1ResTime" : 302.0,
    "pct2ResTime" : 314.44999999999993,
    "pct3ResTime" : 331.98,
    "throughput" : 24.57447358890786,
    "receivedKBytesPerSec" : 10.031376914222152,
    "sentKBytesPerSec" : 11.975256172719748
  },
  "ping" : {
    "transaction" : "ping",
    "sampleCount" : 950,
    "errorCount" : 0,
    "errorPct" : 0.0,
    "meanResTime" : 276.1863157894737,
    "medianResTime" : 275.0,
    "minResTime" : 263.0,
    "maxResTime" : 832.0,
    "pct1ResTime" : 284.0,
    "pct2ResTime" : 285.0,
    "pct3ResTime" : 287.0,
    "throughput" : 24.554148358749032,
    "receivedKBytesPerSec" : 5.9467078056345315,
    "sentKBytesPerSec" : 3.2850764894029467
  },
  "Total" : {
    "transaction" : "Total",
    "sampleCount" : 6650,
    "errorCount" : 0,
    "errorPct" : 0.0,
    "meanResTime" : 2676.21864661654,
    "medianResTime" : 281.0,
    "minResTime" : 263.0,
    "maxResTime" : 40316.0,
    "pct1ResTime" : 8437.600000000008,
    "pct2ResTime" : 23875.45,
    "pct3ResTime" : 37255.43,
    "throughput" : 155.7377049180328,
    "receivedKBytesPerSec" : 53.42620206381733,
    "sentKBytesPerSec" : 48.08140917740047
  },
  "deleteBooking" : {
    "transaction" : "deleteBooking",
    "sampleCount" : 950,
    "errorCount" : 0,
    "errorPct" : 0.0,
    "meanResTime" : 285.33578947368426,
    "medianResTime" : 281.0,
    "minResTime" : 268.0,
    "maxResTime" : 345.0,
    "pct1ResTime" : 306.0,
    "pct2ResTime" : 322.0,
    "pct3ResTime" : 337.0,
    "throughput" : 24.557321959415795,
    "receivedKBytesPerSec" : 5.947476412046012,
    "sentKBytesPerSec" : 7.434345515057515
  },
  "getBooking" : {
    "transaction" : "getBooking",
    "sampleCount" : 950,
    "errorCount" : 0,
    "errorPct" : 0.0,
    "meanResTime" : 279.49684210526317,
    "medianResTime" : 278.0,
    "minResTime" : 265.0,
    "maxResTime" : 543.0,
    "pct1ResTime" : 289.0,
    "pct2ResTime" : 295.0,
    "pct3ResTime" : 306.49,
    "throughput" : 24.58592132505176,
    "receivedKBytesPerSec" : 9.91600147192029,
    "sentKBytesPerSec" : 4.585850559653209
  },
  "login" : {
    "transaction" : "login",
    "sampleCount" : 950,
    "errorCount" : 0,
    "errorPct" : 0.0,
    "meanResTime" : 17041.44105263157,
    "medianResTime" : 16575.0,
    "minResTime" : 1775.0,
    "maxResTime" : 40316.0,
    "pct1ResTime" : 32176.6,
    "pct2ResTime" : 37346.45,
    "pct3ResTime" : 40231.0,
    "throughput" : 23.183171457855433,
    "receivedKBytesPerSec" : 6.135390102616038,
    "sentKBytesPerSec" : 6.497627156645029
  },
  "creatBooking" : {
    "transaction" : "creatBooking",
    "sampleCount" : 950,
    "errorCount" : 0,
    "errorPct" : 0.0,
    "meanResTime" : 278.0463157894737,
    "medianResTime" : 277.0,
    "minResTime" : 265.0,
    "maxResTime" : 522.0,
    "pct1ResTime" : 287.0,
    "pct2ResTime" : 290.0,
    "pct3ResTime" : 306.49,
    "throughput" : 24.59801662308071,
    "receivedKBytesPerSec" : 10.617503268946946,
    "sentKBytesPerSec" : 10.977825778074104
  }
}