{
  "partialUpdate" : {
    "transaction" : "partialUpdate",
    "sampleCount" : 1000,
    "errorCount" : 15,
    "errorPct" : 1.5,
    "meanResTime" : 322.6160000000003,
    "medianResTime" : 284.0,
    "minResTime" : 265.0,
    "maxResTime" : 6286.0,
    "pct1ResTime" : 297.0,
    "pct2ResTime" : 309.94999999999993,
    "pct3ResTime" : 1221.96,
    "throughput" : 15.43448062972681,
    "receivedKBytesPerSec" : 6.277718759646549,
    "sentKBytesPerSec" : 5.00337930718475
  },
  "updateBooking " : {
    "transaction" : "updateBooking ",
    "sampleCount" : 1000,
    "errorCount" : 12,
    "errorPct" : 1.2,
    "meanResTime" : 311.4930000000005,
    "medianResTime" : 285.0,
    "minResTime" : 265.0,
    "maxResTime" : 8282.0,
    "pct1ResTime" : 296.9,
    "pct2ResTime" : 305.0,
    "pct3ResTime" : 1155.2900000000006,
    "throughput" : 15.435910101259571,
    "receivedKBytesPerSec" : 6.2709590716843655,
    "sentKBytesPerSec" : 7.521222567493516
  },
  "ping" : {
    "transaction" : "ping",
    "sampleCount" : 1000,
    "errorCount" : 0,
    "errorPct" : 0.0,
    "meanResTime" : 340.0929999999998,
    "medianResTime" : 279.0,
    "minResTime" : 264.0,
    "maxResTime" : 10293.0,
    "pct1ResTime" : 285.0,
    "pct2ResTime" : 290.0,
    "pct3ResTime" : 1912.2200000000007,
    "throughput" : 15.436863229391788,
    "receivedKBytesPerSec" : 3.7386153133683235,
    "sentKBytesPerSec" : 2.0652834594010496
  },
  "Total" : {
    "transaction" : "Total",
    "sampleCount" : 7000,
    "errorCount" : 51,
    "errorPct" : 0.7285714,
    "meanResTime" : 4075.795,
    "medianResTime" : 283.0,
    "minResTime" : 1.0,
    "maxResTime" : 65477.0,
    "pct1ResTime" : 9100.600000000002,
    "pct2ResTime" : 32790.9,
    "pct3ResTime" : 58956.99,
    "throughput" : 101.51695333120631,
    "receivedKBytesPerSec" : 34.816165373836185,
    "sentKBytesPerSec" : 31.326251015169536
  },
  "deleteBooking" : {
    "transaction" : "deleteBooking",
    "sampleCount" : 1000,
    "errorCount" : 17,
    "errorPct" : 1.7,
    "meanResTime" : 313.96099999999984,
    "medianResTime" : 283.0,
    "minResTime" : 266.0,
    "maxResTime" : 7285.0,
    "pct1ResTime" : 296.0,
    "pct2ResTime" : 306.0,
    "pct3ResTime" : 1211.94,
    "throughput" : 15.434004198049143,
    "receivedKBytesPerSec" : 3.738947806056303,
    "sentKBytesPerSec" : 4.671634928887825
  },
  "getBooking" : {
    "transaction" : "getBooking",
    "sampleCount" : 1000,
    "errorCount" : 3,
    "errorPct" : 0.3,
    "meanResTime" : 320.9539999999999,
    "medianResTime" : 282.0,
    "minResTime" : 265.0,
    "maxResTime" : 6313.0,
    "pct1ResTime" : 289.0,
    "pct2ResTime" : 294.0,
    "pct3ResTime" : 1223.6300000000003,
    "throughput" : 15.436863229391788,
    "receivedKBytesPerSec" : 6.219563450331893,
    "sentKBytesPerSec" : 2.8790202174668105
  },
  "login" : {
    "transaction" : "login",
    "sampleCount" : 1000,
    "errorCount" : 2,
    "errorPct" : 0.2,
    "meanResTime" : 26575.023000000005,
    "medianResTime" : 21740.0,
    "minResTime" : 1845.0,
    "maxResTime" : 65477.0,
    "pct1ResTime" : 58369.0,
    "pct2ResTime" : 59423.65,
    "pct3ResTime" : 64525.53,
    "throughput" : 15.06954595458039,
    "receivedKBytesPerSec" : 4.0011999125966335,
    "sentKBytesPerSec" : 4.223593446254465
  },
  "creatBooking" : {
    "transaction" : "creatBooking",
    "sampleCount" : 1000,
    "errorCount" : 2,
    "errorPct" : 0.2,
    "meanResTime" : 346.42499999999995,
    "medianResTime" : 281.0,
    "minResTime" : 1.0,
    "maxResTime" : 6300.0,
    "pct1ResTime" : 290.0,
    "pct2ResTime" : 320.6499999999995,
    "pct3ResTime" : 1170.0,
    "throughput" : 15.440438508453639,
    "receivedKBytesPerSec" : 6.714464675171775,
    "sentKBytesPerSec" : 6.87711702887362
  }
}